{
  "burnlens/patch.py": 1775706683.2176101,
  "burnlens/server.py": 1775643574.6274886,
  "burnlens/config.py": 1775868485.5219448,
  "burnlens/__init__.py": 1775826583.5151238,
  "burnlens/export.py": 1775706885.7492914,
  "burnlens/cli.py": 1775750088.7969506,
  "burnlens/interceptor.py": 1775642214.7986097,
  "burnlens/doctor.py": 1775750075.6247358,
  "burnlens/__main__.py": 1775578881.9907203,
  "burnlens/analysis/waste.py": 1775609450.2710438,
  "burnlens/analysis/budget.py": 1775610469.261174,
  "burnlens/analysis/__init__.py": 1775607411.5613768,
  "burnlens/analysis/reports.py": 1775607477.0889337,
  "burnlens/analysis/recommender.py": 1775669577.1193883,
  "burnlens/proxy/server.py": 1775874360.0550766,
  "burnlens/proxy/__init__.py": 1775607411.5545537,
  "burnlens/proxy/providers.py": 1775706693.525198,
  "burnlens/proxy/interceptor.py": 1775826633.1436744,
  "burnlens/proxy/streaming.py": 1775659148.6046216,
  "burnlens/cost/__init__.py": 1775607411.556917,
  "burnlens/cost/calculator.py": 1775578983.1872401,
  "burnlens/cost/pricing.py": 1775578967.2053547,
  "burnlens/storage/models.py": 1775823363.412396,
  "burnlens/storage/database.py": 1775838995.9499447,
  "burnlens/storage/__init__.py": 1775607411.559155,
  "burnlens/storage/queries.py": 1775874791.3166244,
  "burnlens/alerts/terminal.py": 1775610482.456082,
  "burnlens/alerts/discovery.py": 1775868846.6109512,
  "burnlens/alerts/__init__.py": 1775607411.5642965,
  "burnlens/alerts/types.py": 1775868455.8687208,
  "burnlens/alerts/digests.py": 1775869084.2434652,
  "burnlens/alerts/engine.py": 1775668732.0982563,
  "burnlens/alerts/email.py": 1775868469.8779144,
  "burnlens/alerts/slack.py": 1775868793.1815703,
  "burnlens/dashboard/__init__.py": 1775607411.5666559,
  "burnlens/dashboard/routes.py": 1775736168.6703389,
  "burnlens/dashboard/static/discovery.js": 1775881421.351686,
  "burnlens/dashboard/static/app.js": 1775747687.615119,
  "burnlens/cloud/sync.py": 1775701797.0207808,
  "burnlens/cloud/__init__.py": 1775701767.4218707,
  "burnlens/api/discovery.py": 1775839004.0365179,
  "burnlens/api/__init__.py": 1775838738.496378,
  "burnlens/api/providers.py": 1775839016.2159204,
  "burnlens/api/schemas.py": 1775838757.9722111,
  "burnlens/api/assets.py": 1775882923.4492774,
  "burnlens/telemetry/__init__.py": 1775699981.1365952,
  "burnlens/telemetry/otel.py": 1775701143.3741236,
  "burnlens/detection/wrapper.py": 1775826577.9786463,
  "burnlens/detection/classifier.py": 1775826158.3739321,
  "burnlens/detection/billing.py": 1775826244.5133967,
  "burnlens/detection/__init__.py": 1775826204.919155,
  "burnlens/detection/scheduler.py": 1775869127.932931,
  "burnlens/reports/weekly.py": 1775753444.5047095,
  "burnlens/reports/__init__.py": 1775667924.4680278,
  "tests/conftest.py": 1775607493.049806,
  "tests/test_phase01_validation.py": 1775881568.040717,
  "tests/test_detection_classifier.py": 1775826119.2883313,
  "tests/test_cloud_sync_e2e.py": 1775702348.699866,
  "tests/test_cloud_sync.py": 1775701897.274863,
  "tests/test_streaming.py": 1775609210.8562384,
  "tests/test_doctor.py": 1775750113.888331,
  "tests/test_analysis.py": 1775612248.513172,
  "tests/test_customers.py": 1775668780.9589083,
  "tests/test_api_phase3_validation.py": 1775881568.09857,
  "tests/test_alerts.py": 1775868438.5885363,
  "tests/test_storage.py": 1775823775.4401681,
  "tests/test_patch.py": 1775706724.3496494,
  "tests/test_reports.py": 1775668049.8037102,
  "tests/test_budgets.py": 1775667653.6252074,
  "tests/test_detection_wrapper.py": 1775826523.8147035,
  "tests/test_digests.py": 1775869149.4422958,
  "tests/test_detection_billing.py": 1775826551.4363692,
  "tests/test_discovery_alerts.py": 1775868758.783535,
  "tests/test_recommender.py": 1775669607.1277277,
  "tests/test_proxy.py": 1775826667.5953777,
  "tests/test_phase04_validation.py": 1775881592.1922622,
  "tests/test_api.py": 1775874759.8598623,
  "tests/test_otel.py": 1775700091.6173837,
  "tests/test_cli.py": 1775746955.4889536,
  "tests/test_discovery_dashboard.py": 1775881635.968914,
  "tests/test_export.py": 1775666906.4232366,
  "tests/test_cost.py": 1775612072.6904461,
  "tests/test_otel_e2e.py": 1775701152.5059817,
  "tests/streaming/test_streaming_unit.py": 1775666434.0276127,
  "tests/streaming/conftest.py": 1775666401.3593822,
  "tests/streaming/__init__.py": 1775642215.6207774,
  "tests/streaming/test_streaming_integration.py": 1775644120.2839746,
  "scripts/seed_test_data.py": 1775705258.911103,
  "README.md": 1775781570.8005733,
  "AUDIT.md": 1775884278.8244114,
  "CLAUDE.md": 1775706744.6465333,
  "docs/phase4_governance_platform_build_spec.md": 1775818589.5236292,
  "graphify-out/converted/phase3_build_spec_6c845070.md": 1775886145.3150942,
  "graphify-out/converted/phase4_build_spec_e06f1100.md": 1775886145.3351202,
  "docs/burnlens_roadmap_prompts.md": 1775666655.9254408,
  "graphify-out/converted/phase2_build_spec_e8f5decf.md": 1775886145.4001665,
  "docs/phase2_guardrails_build_spec.md": 1775818581.1206865,
  "docs/phase1_discovery_build_spec.md": 1775818579.1780376,
  "graphify-out/converted/phase1_build_spec_1c0e5ab4.md": 1775886145.436042,
  "docs/phase3_compliance_build_spec.md": 1775818582.977961,
  "docs/discovery-guide.md": 1775882999.02099,
  "landing/burnlens.gif": 1775782348.2516172,
  "landing/burnlens_icon_512.png": 1775731234.200304,
  "landing/burnlens_icon_32.png": 1775735714.3866577,
  "landing/burnlens_logo_wide.png": 1775731234.2009091,
  "burnlens/dashboard/static/burnlens_icon_32.png": 1775747752.7733572,
  "docs/burnlens.gif": 1775780941.6101232,
  "docs/dashboard.png": 1775747568.0462918,
  "docs/burnlens_logo_800.png": 1775730897.9166677,
  "docs/burnlens_1.gif": 1775780958.5723045,
  "docs/burnlens_icon_512.png": 1775730925.352858,
  "docs/burnlens_icon_512 (1).png": 1775735596.8895962,
  "docs/burnlens_icon_light_512.png": 1775735600.9841611,
  "docs/burnlens_icon_32.png": 1775735598.8820899,
  "docs/burnlens_logo_wide.png": 1775730922.5867212
}